Name,Site,Phone,BillingState,AccountNumber
Topicblab,Philippines,200-621-3429,PH,460894832086
Thoughtstorm,Ukraine,249-961-0776,UA,888051835016
Wikido,Ukraine,596-972-4381,UA,996344895550
Twimbo,Macedonia,222-653-9484,MK,135895992857
Twiyo,China,395-991-8013,CN,432597375688
Tambee,Russia,274-547-9085,RU,434847236010
Wikizz,Canada,282-188-0431,CA,621829284236
Eire,Russia,898-966-1139,RU,565048609311
Flashpoint,Poland,278-848-1186,PL,405308965707
Fliptune,Philippines,915-441-3913,PH,576804045726
Flashpoint,Peru,407-506-0312,PE,521675688238
Dabjam,Slovenia,996-161-4798,SI,427069487252
Browsedrive,Thailand,402-736-5616,TH,24112007465
Digitube,Russia,380-361-4153,RU,530055751255
Photolist,Indonesia,342-381-5235,ID,747462171248
Agimba,Portugal,956-554-5391,PT,732256057785
Bubblebox,Syria,710-562-2294,SY,253215971817
Roodel,Russia,509-193-0913,RU,987963791323
Feedfire,China,267-706-3443,CN,149002219410
Trunyx,Honduras,166-862-8319,HN,433900979459
Gabcube,United States,407-854-4937,US,473802547419
Skinte,Thailand,217-513-2724,TH,587974713569
Photobug,Philippines,689-271-3378,PH,61676304136
Yacero,Ireland,634-158-8061,IE,825218398155
Wikizz,China,975-991-8094,CN,899943612934
Voomm,Indonesia,122-240-9706,ID,929740102708
Voonte,China,674-899-2840,CN,993717338293
Twimbo,Canada,725-541-5347,CA,142986952556
DabZ,Tanzania,444-834-6006,TZ,80932596981
Jabbertype,Argentina,901-926-9769,AR,11506305917
Yodel,Serbia,729-875-5361,RS,718109936892
Meevee,Portugal,204-816-2949,PT,568362587444
Vimbo,Argentina,473-153-8067,AR,397062299472
Brainverse,Philippines,647-678-8324,PH,601423793412
Skyble,Indonesia,555-650-5110,ID,952107575579
Babbleset,Russia,778-639-6203,RU,88454842801
Edgeify,China,745-804-5481,CN,943988578154
Flashdog,France,391-594-0531,FR,320320214092
Rhybox,Portugal,829-942-0253,PT,561374373986
Brainsphere,Russia,164-333-3371,RU,873027541833
Jetpulse,Russia,265-982-3633,RU,382702147894
Brightdog,Jordan,186-898-7318,JO,900895658624
Skilith,Morocco,611-154-1352,MA,454370391233
Chatterbridge,Czech Republic,981-707-1206,CZ,239172619873
Skinix,Brazil,858-565-9628,BR,728374172630
Wikivu,Poland,239-868-8148,PL,847863454401
Jamia,Russia,569-727-6471,RU,691143481379
Snaptags,Portugal,263-686-3728,PT,560393874010
Realcube,Brazil,846-131-4134,BR,920173523610
Omba,Indonesia,787-464-0571,ID,910298924079
